,chain,index,residue,one_hot,class
0,A,30,ASN,[0.14829902 0.00579369 0.00032399 0.00458708],non
1,A,31,GLY,[0.74917954 0.02187402 0.00135407 0.00128116],non
2,A,32,ILE,[9.58137214e-01 3.17210294e-02 1.38463476e-03 9.22750100e-04],non
3,A,33,VAL,[9.86879408e-01 1.17365662e-02 1.47988554e-04 4.51786414e-04],non
4,A,34,PRO,[9.88966048e-01 1.01574603e-02 1.42120887e-04 1.69044317e-04],non
5,A,35,ASP,[9.96577203e-01 3.09114391e-03 1.07414990e-05 1.24302038e-04],non
6,A,36,ALA,[9.97557998e-01 2.15939363e-03 5.58293277e-06 3.62030296e-05],non
7,A,37,GLY,[9.98347998e-01 1.33440981e-03 1.00061641e-06 3.42753629e-05],non
8,A,38,HIS,[9.97816205e-01 1.99840986e-03 1.24546341e-06 1.63891236e-05],non
9,A,39,GLN,[9.98919487e-01 1.00034033e-03 3.36923620e-07 6.07749871e-06],non
10,A,40,GLY,[9.98487830e-01 1.33260188e-03 5.63619665e-07 2.69188854e-06],non
11,A,41,PRO,[9.98209953e-01 1.51725707e-03 1.40479585e-07 2.12595501e-06],non
12,A,42,ASP,[9.96916533e-01 2.47437973e-03 4.82984319e-07 1.85973204e-06],non
13,A,43,VAL,[9.96297300e-01 3.42710805e-03 2.01916862e-07 2.30908245e-06],non
14,A,44,SER,[9.96141613e-01 3.55599378e-03 2.38040386e-07 9.61243245e-07],non
15,A,45,ALA,[9.95699644e-01 4.08682227e-03 1.96436176e-07 5.75449974e-07],non
16,A,46,VAL,[9.93766785e-01 6.07673265e-03 2.47724557e-07 3.88722839e-07],non
17,A,47,ASN,[9.93709922e-01 6.22891169e-03 2.14053713e-07 5.21669961e-07],non
18,A,48,GLY,[9.91956949e-01 7.96019007e-03 3.34329314e-07 4.91673745e-07],non
19,A,49,GLY,[9.88948584e-01 1.08021190e-02 5.06893286e-07 7.07499908e-07],non
20,A,50,THR,[9.89406407e-01 1.02737853e-02 7.38241283e-07 2.29391003e-06],non
21,A,51,GLN,[9.88144398e-01 1.17281284e-02 4.10345990e-07 1.83088309e-06],non
22,A,52,VAL,[9.92523134e-01 7.39224115e-03 2.56406992e-07 7.31533476e-07],non
23,A,53,ILE,[9.91756797e-01 8.19086563e-03 3.68940988e-07 8.10106883e-07],non
24,A,54,ASN,[9.87590194e-01 1.23723503e-02 3.37012835e-07 1.30726414e-06],non
25,A,55,ILE,[9.88985777e-01 1.09538101e-02 6.97178734e-07 1.68801841e-06],non
26,A,56,VAL,[9.84687984e-01 1.52428709e-02 1.64943026e-06 4.22358016e-06],non
27,A,57,THR,[9.80117500e-01 1.98283177e-02 9.80011691e-07 3.50921232e-06],non
28,A,58,PRO,[9.78422046e-01 2.15239804e-02 8.22326626e-07 2.83965096e-06],non
29,A,59,ASN,[9.52128828e-01 4.78122793e-02 4.28630983e-06 5.20348294e-06],non
30,A,60,ASN,[9.29138482e-01 7.08124116e-02 9.21822902e-06 6.52641302e-06],non
31,A,61,GLU,[8.74073267e-01 1.25872970e-01 1.14909490e-05 4.89104059e-06],non
32,A,62,GLY,[8.70423377e-01 1.29513294e-01 2.62455196e-05 1.00436373e-05],non
33,A,63,ILE,[8.19502890e-01 1.80397615e-01 4.64503828e-05 1.47613309e-05],non
34,A,64,SER,[8.02643239e-01 1.97278738e-01 4.06751606e-05 9.08052971e-06],non
35,A,65,HIS,[7.61701465e-01 2.38234043e-01 3.54195654e-05 6.99549582e-06],non
36,A,66,ASN,[7.33233809e-01 2.66666681e-01 6.54988762e-05 1.24866201e-05],non
37,A,67,GLN,[6.70569181e-01 3.29242498e-01 1.39851138e-04 1.04562359e-05],non
38,A,68,TYR,[6.20935738e-01 3.78843129e-01 1.76890811e-04 1.36021508e-05],non
39,A,69,GLN,[5.59046865e-01 4.40789789e-01 1.21289173e-04 7.03651858e-06],non
40,A,70,ASP,[5.94057620e-01 4.05714065e-01 1.89502534e-04 9.57523025e-06],non
41,A,71,PHE,[5.63468933e-01 4.36260879e-01 2.15753884e-04 9.61841033e-06],non
42,A,72,ASN,[4.89726275e-01 5.10085821e-01 1.68355851e-04 3.50902087e-06],beta
43,A,73,VAL,[5.35922766e-01 4.63995367e-01 6.73702598e-05 2.60980300e-06],non
44,A,74,GLY,[4.95082319e-01 5.04864752e-01 4.67878308e-05 1.01310388e-06],beta
45,A,75,LYS,[4.83583182e-01 5.16286373e-01 1.15819414e-04 2.01793341e-06],beta
46,A,76,PRO,[4.83006626e-01 5.16849995e-01 1.32823829e-04 1.82631027e-06],beta
47,A,77,GLY,[5.01266539e-01 4.98582810e-01 1.30279775e-04 2.79623168e-06],non
48,A,78,ALA,[4.93694484e-01 5.06200910e-01 8.97587306e-05 3.66207360e-06],beta
49,A,79,VAL,[5.46203792e-01 4.53486115e-01 2.54632760e-04 1.12824027e-05],non
50,A,80,PHE,[5.18570364e-01 4.80927408e-01 4.30029206e-04 2.62397189e-05],non
51,A,81,ASN,[5.98057628e-01 4.00109082e-01 1.29828032e-03 1.88490259e-04],non
52,A,82,ASN,[0.58487308 0.35481325 0.01987082 0.00716791],non
53,A,83,ALA,[0.93773377 0.03774683 0.00222698 0.00188766],non
54,A,84,LEU,[9.66575623e-01 3.17269489e-02 1.54663066e-04 1.79286581e-04],non
55,A,85,GLU,[9.85463142e-01 1.39640877e-02 1.78032678e-05 3.67272660e-05],non
56,A,86,ALA,[9.79869962e-01 1.96696166e-02 1.19674878e-05 1.27285039e-05],non
57,A,87,GLY,[9.87679482e-01 1.21289613e-02 4.16297144e-06 8.05276341e-06],non
58,A,88,GLN,[9.89772141e-01 9.89857037e-03 7.83731321e-06 9.58503733e-06],non
59,A,89,SER,[9.95020628e-01 4.88164276e-03 1.13844692e-06 4.76661080e-06],non
60,A,90,GLN,[9.94284451e-01 5.62926428e-03 1.11634210e-06 2.40128406e-06],non
61,A,91,LEU,[9.94323492e-01 5.64972358e-03 6.10640200e-07 2.77959225e-06],non
62,A,92,ALA,[9.91028011e-01 8.94516055e-03 4.85360829e-07 1.11544296e-06],non
63,A,93,GLY,[9.87798035e-01 1.21364454e-02 4.73713385e-07 1.12318401e-06],non
64,A,94,HIS,[9.88986492e-01 1.09621361e-02 1.84645251e-06 1.95042480e-06],non
65,A,95,LEU,[9.89328563e-01 1.06461830e-02 1.05635036e-06 3.51760696e-06],non
66,A,96,ASN,[9.87924933e-01 1.20505309e-02 1.01007845e-06 8.31563113e-07],non
67,A,97,ALA,[9.89552081e-01 1.04147587e-02 3.65586089e-07 8.82947063e-07],non
68,A,98,ASN,[9.90618408e-01 9.33907181e-03 1.08002121e-06 2.64285040e-06],non
69,A,99,SER,[9.85048950e-01 1.49015095e-02 1.81668361e-06 4.43243880e-06],non
70,A,100,ASN,[9.76287067e-01 2.36638170e-02 2.51703545e-06 3.29344152e-06],non
71,A,101,LEU,[9.62193847e-01 3.77471112e-02 2.56170301e-06 1.92235052e-06],non
72,A,102,ASN,[9.56111312e-01 4.38339710e-02 7.36637776e-06 4.04446791e-06],non
73,A,103,GLY,[8.99851859e-01 1.00015387e-01 1.87319711e-05 5.89006777e-06],non
74,A,104,GLN,[8.56380343e-01 1.43500790e-01 4.08418855e-05 6.67131235e-06],non
75,A,105,ALA,[7.03163624e-01 2.96754569e-01 3.80329875e-05 3.59139267e-06],non
76,A,106,ALA,[6.17344797e-01 3.82574201e-01 6.28994458e-05 2.31195509e-06],non
77,A,107,SER,[4.76302445e-01 5.23559570e-01 1.17561285e-04 1.92972038e-06],beta
78,A,108,LEU,[4.29753393e-01 5.70029378e-01 2.04558834e-04 2.15309888e-06],beta
79,A,109,ILE,[3.53951275e-01 6.45827830e-01 2.02526571e-04 2.04963135e-06],beta
80,A,110,LEU,[3.12258810e-01 6.87561572e-01 1.71402819e-04 1.08224731e-06],beta
81,A,111,ASN,[3.15220982e-01 6.84522688e-01 2.44346447e-04 1.12015675e-06],beta
82,A,112,GLU,[2.77102858e-01 7.22740889e-01 1.51735818e-04 5.95949928e-07],beta
83,A,113,VAL,[2.55288422e-01 7.44535744e-01 1.70599422e-04 4.65485442e-07],beta
84,A,114,VAL,[2.34319940e-01 7.65510917e-01 1.66259226e-04 3.15123742e-07],beta
85,A,115,SER,[2.42455825e-01 7.57348299e-01 1.89372004e-04 5.19391165e-07],beta
86,A,116,ARG,[2.05467880e-01 7.94422984e-01 1.06022155e-04 2.39159021e-07],beta
87,A,117,ASN,[1.81329161e-01 8.18508446e-01 1.55937232e-04 2.46622193e-07],beta
88,A,118,PRO,[1.67672470e-01 8.32188070e-01 1.37226190e-04 1.29135458e-07],beta
89,A,119,SER,[1.42041609e-01 8.57750237e-01 2.05074975e-04 1.80053121e-07],beta
90,A,120,PHE,[1.24792986e-01 8.75103772e-01 1.01983642e-04 6.84680828e-08],beta
91,A,121,LEU,[1.24261603e-01 8.75558257e-01 1.77496520e-04 9.50549364e-08],beta
92,A,122,LEU,[1.23408072e-01 8.76459420e-01 1.30915520e-04 6.79323549e-08],beta
93,A,123,GLY,[1.26204237e-01 8.73599112e-01 1.92563224e-04 1.07151045e-07],beta
94,A,124,GLN,[1.12972423e-01 8.86942565e-01 8.39748245e-05 3.62978696e-08],beta
95,A,125,SER,[9.03789178e-02 9.09483254e-01 1.36128496e-04 2.97873743e-08],beta
96,A,126,GLU,[7.87280276e-02 9.21147943e-01 1.23489939e-04 1.43857717e-08],beta
97,A,127,VAL,[6.77507520e-02 9.32014108e-01 2.33855142e-04 2.65916054e-08],beta
98,A,128,PHE,[5.77185117e-02 9.42163229e-01 1.17747266e-04 1.03452491e-08],beta
99,A,129,GLY,[5.39039038e-02 9.45885599e-01 2.09642225e-04 9.99248417e-09],beta
100,A,130,ILE,[5.92661239e-02 9.40601408e-01 1.32187386e-04 6.28484598e-09],beta
101,A,131,ALA,[4.95770648e-02 9.50256109e-01 1.66254569e-04 7.98939048e-09],beta
102,A,132,ALA,[4.03407663e-02 9.59574521e-01 8.46489565e-05 1.47957879e-09],beta
103,A,133,GLU,[3.65242511e-02 9.63299990e-01 1.75138324e-04 3.05051739e-09],beta
104,A,134,TYR,[4.60453555e-02 9.53869522e-01 8.48926429e-05 1.74612069e-09],beta
105,A,135,VAL,[4.10152823e-02 9.58873510e-01 1.10845169e-04 3.08563575e-09],beta
106,A,136,LEU,[3.60036828e-02 9.63929057e-01 6.72004171e-05 8.32671709e-10],beta
107,A,137,SER,[4.65715453e-02 9.53291833e-01 1.36367162e-04 2.51023713e-09],beta
108,A,138,ASN,[4.97866906e-02 9.50172126e-01 4.10441062e-05 9.09523012e-10],beta
109,A,139,PRO,[4.02885899e-02 9.59649503e-01 6.17351980e-05 8.20513379e-10],beta
110,A,140,ASN,[2.11116709e-02 9.78854835e-01 3.35160876e-05 9.04810046e-11],beta
111,A,141,GLY,[3.03027574e-02 9.69599903e-01 9.70532346e-05 3.12299742e-10],beta
112,A,142,ILE,[3.11004035e-02 9.68875468e-01 2.39675592e-05 1.43457413e-10],beta
113,A,143,THR,[3.83501761e-02 9.61568356e-01 8.08389159e-05 9.83897519e-10],beta
114,A,144,CYS,[3.24574411e-02 9.67431009e-01 1.11064051e-04 1.55028990e-09],beta
115,A,145,ASP,[9.42929555e-03 9.89075541e-01 1.48391468e-03 6.63368240e-08],beta
116,A,146,GLY,[2.92019341e-02 9.45301056e-01 7.67922029e-03 2.46102310e-04],beta
117,A,147,CYS,[0.09998912 0.86815929 0.01631969 0.00096844],beta
118,A,148,GLY,[5.38501330e-02 9.45470214e-01 6.36712066e-04 8.49381365e-07],beta
119,A,149,PHE,[5.37404716e-02 9.46016371e-01 2.36769352e-04 5.87274087e-08],beta
120,A,150,ILE,[6.83549717e-02 9.31471229e-01 1.73114953e-04 1.49997188e-08],beta
121,A,151,ASN,[7.70874918e-02 9.22782302e-01 1.29345994e-04 1.80477020e-08],beta
122,A,152,THR,[6.71929345e-02 9.32761014e-01 4.58540126e-05 5.28311705e-09],beta
123,A,153,SER,[9.05816853e-02 9.09320116e-01 9.67497326e-05 1.94327647e-08],beta
124,A,154,ARG,[1.02422416e-01 8.97525609e-01 5.10015270e-05 1.75393087e-08],beta
125,A,155,SER,[1.36448860e-01 8.63415301e-01 1.31058056e-04 8.39812344e-08],beta
126,A,156,SER,[1.47620320e-01 8.52319419e-01 5.87195500e-05 5.68074938e-08],beta
127,A,157,LEU,[1.55145258e-01 8.44685912e-01 1.65381134e-04 1.05382469e-07],beta
128,A,158,VAL,[1.90230221e-01 8.09591413e-01 1.75344991e-04 3.04633573e-07],beta
129,A,159,VAL,[2.89012760e-01 7.10566282e-01 4.06826701e-04 1.68082374e-06],beta
130,A,160,GLY,[4.07900602e-01 5.91716707e-01 3.58176942e-04 5.62401283e-06],beta
131,A,161,ASN,[5.39713919e-01 4.59841579e-01 3.78475117e-04 1.03990069e-05],non
132,A,162,PRO,[6.99728549e-01 2.99910605e-01 2.81750778e-04 3.41885316e-05],non
133,A,163,LEU,[7.84793556e-01 2.14708224e-01 3.39698134e-04 8.90402589e-05],non
134,A,164,PHE,[8.56704295e-01 1.42824709e-01 2.82305438e-04 9.65816071e-05],non
135,A,165,GLU,[9.26752627e-01 7.28506744e-02 1.33545051e-04 1.64189129e-04],non
136,A,166,ASN,[9.47387218e-01 5.22367284e-02 1.33932903e-04 9.26941648e-05],non
137,A,167,GLY,[9.70557034e-01 2.92923991e-02 1.58071707e-05 5.19805981e-05],non
138,A,168,GLN,[9.79828656e-01 2.00304836e-02 1.00515063e-05 1.47750952e-05],non
139,A,169,LEU,[9.79886651e-01 1.99803859e-02 4.53143321e-06 1.19204087e-05],non
140,A,170,LYS,[9.80339229e-01 1.95295345e-02 4.46256809e-06 7.04485001e-06],non
141,A,171,GLY,[9.80685830e-01 1.92121230e-02 3.33437083e-06 4.27412670e-06],non
142,A,172,TYR,[9.77608383e-01 2.22877767e-02 5.61215211e-06 5.38391623e-06],non
143,A,173,SER,[9.33043003e-01 6.67167231e-02 5.83798419e-06 3.29682575e-06],non
144,A,174,THR,[8.83263707e-01 1.16490833e-01 1.33159319e-05 2.59075341e-06],non
145,A,175,LEU,[6.37221992e-01 3.62675995e-01 2.06147561e-05 1.26282725e-06],non
146,A,176,ASN,[4.55355734e-01 5.44589877e-01 3.84900959e-05 5.35563174e-07],beta
147,A,177,ASN,[2.87017703e-01 7.12920010e-01 5.13221785e-05 2.77472992e-07],beta
148,A,178,THR,[1.43463254e-01 8.56492043e-01 4.33980276e-05 2.35495179e-08],beta
149,A,179,ASN,[8.77359137e-02 9.12200809e-01 6.26158217e-05 7.36103667e-09],beta
150,A,180,LEU,[4.00040410e-02 9.59981680e-01 1.42034005e-05 3.37238348e-10],beta
151,A,181,LEU,[3.19728144e-02 9.67954695e-01 7.23467092e-05 4.82551776e-10],beta
152,A,182,SER,[2.51085088e-02 9.74860132e-01 3.13648561e-05 1.02846676e-10],beta
153,A,183,LEU,[2.28409003e-02 9.77096856e-01 6.21014769e-05 4.24610763e-10],beta
154,A,184,GLY,[1.64046623e-02 9.83559608e-01 3.56501005e-05 6.39015924e-11],beta
155,A,185,LYS,[1.73077080e-02 9.82549310e-01 1.42875157e-04 2.34598146e-10],beta
156,A,186,ASN,[1.88621487e-02 9.81065214e-01 7.25987848e-05 1.35416928e-10],beta
157,A,187,GLY,[1.62855648e-02 9.83609796e-01 1.04613981e-04 1.87563312e-10],beta
158,A,188,LEU,[1.10532129e-02 9.88875151e-01 7.16041250e-05 3.52974733e-11],beta
159,A,189,ASN,[1.11595886e-02 9.88655567e-01 1.84820223e-04 1.12423931e-10],beta
160,A,190,THR,[1.33713037e-02 9.86541092e-01 8.76260310e-05 4.68537813e-11],beta
161,A,191,THR,[1.52673032e-02 9.84599113e-01 1.33558176e-04 9.84085313e-11],beta
162,A,192,GLY,[9.93469357e-03 9.90018249e-01 4.70671584e-05 1.15629043e-11],beta
163,A,193,LEU,[9.28810611e-03 9.90606129e-01 1.05794657e-04 2.43805462e-11],beta
164,A,194,LEU,[1.01723503e-02 9.89762902e-01 6.47562119e-05 1.43073895e-11],beta
165,A,195,ASP,[1.47668961e-02 9.85103071e-01 1.30057902e-04 1.19193475e-10],beta
166,A,196,LEU,[1.54378358e-02 9.84511256e-01 5.09308666e-05 4.29599689e-11],beta
167,A,197,ILE,[1.80889592e-02 9.81771350e-01 1.39506024e-04 2.19487997e-10],beta
168,A,198,ALA,[2.15874631e-02 9.78354931e-01 5.75899285e-05 1.39017894e-10],beta
169,A,199,PRO,[3.23000513e-02 9.67640400e-01 5.93711884e-05 5.40789857e-10],beta
170,A,200,ARG,[2.71815043e-02 9.72797871e-01 2.06548157e-05 7.74540432e-11],beta
171,A,201,ILE,[3.32996957e-02 9.66651678e-01 4.84818520e-05 2.82087326e-10],beta
172,A,202,ASP,[3.04569453e-02 9.69526827e-01 1.62702545e-05 4.99226112e-11],beta
173,A,203,SER,[3.32671702e-02 9.66695249e-01 3.74979463e-05 1.61155089e-10],beta
174,A,204,ARG,[2.30013151e-02 9.76988256e-01 1.03567072e-05 2.27405889e-11],beta
175,A,205,GLY,[2.59269755e-02 9.74026799e-01 4.61243835e-05 2.35182596e-10],beta
176,A,206,LYS,[3.89986560e-02 9.60980356e-01 2.08516049e-05 2.83419399e-10],beta
177,A,207,ILE,[5.80013804e-02 9.41884160e-01 1.13180227e-04 7.19523552e-09],beta
178,A,208,THR,[8.00918043e-02 9.19805348e-01 1.00744524e-04 2.55051287e-08],beta
179,A,209,ALA,[4.86094058e-02 9.49643910e-01 1.70592591e-03 8.01117494e-07],beta
180,A,210,ALA,[7.49161541e-02 8.89748335e-01 1.16560031e-02 7.82769814e-04],beta
181,A,211,GLU,[0.22679304 0.72456563 0.0244411  0.003423  ],beta
182,A,212,ILE,[2.13803425e-01 7.84241319e-01 1.57692516e-03 2.52047648e-05],beta
183,A,213,SER,[2.15386912e-01 7.83922374e-01 6.16860518e-04 4.37117887e-06],beta
184,A,214,ALA,[2.45102867e-01 7.54425168e-01 4.38763062e-04 3.85253361e-06],beta
185,A,215,PHE,[2.68022090e-01 7.31505930e-01 4.38447954e-04 3.78667119e-06],beta
186,A,216,THR,[4.02415365e-01 5.97055614e-01 4.86996141e-04 7.83406995e-06],beta
187,A,217,GLY,[5.98761022e-01 4.00635779e-01 5.22279937e-04 2.17208508e-05],non
188,A,218,GLN,[6.91933811e-01 3.07383329e-01 5.63679554e-04 5.72267163e-05],non
189,A,219,ASN,[7.98147559e-01 2.01428950e-01 2.86742084e-04 6.43606327e-05],non
190,A,220,THR,[8.25614333e-01 1.73885912e-01 3.69395333e-04 7.07721774e-05],non
191,A,221,PHE,[8.75394344e-01 1.24153525e-01 2.08091282e-04 1.39516153e-04],non
192,A,222,SER,[9.07273710e-01 9.23475996e-02 1.48598643e-04 9.01069434e-05],non
193,A,223,GLN,[9.50973213e-01 4.88535464e-02 4.52238273e-05 6.70508671e-05],non
194,A,224,HIS,[9.31053102e-01 6.87555000e-02 7.28321975e-05 4.96394423e-05],non
195,A,225,PHE,[9.57958817e-01 4.18595634e-02 3.84406922e-05 4.97446199e-05],non
196,A,226,ASP,[9.72436726e-01 2.73277014e-02 5.57169587e-05 4.78748916e-05],non
197,A,227,ILE,[9.79620039e-01 2.02292763e-02 1.66247755e-05 7.56968511e-05],non
198,A,228,LEU,[9.84417796e-01 1.54701052e-02 6.69753899e-06 1.16358751e-05],non
199,A,229,SER,[9.86332357e-01 1.35829486e-02 3.69106260e-06 1.23792324e-05],non
200,A,230,SER,[9.83072877e-01 1.68342404e-02 4.42134524e-06 8.56302722e-06],non
201,A,231,GLN,[9.90796328e-01 9.15365480e-03 1.22671099e-06 3.61345906e-06],non
202,A,232,LYS,[9.91963625e-01 7.99351092e-03 1.55142038e-06 1.83240616e-06],non
203,A,233,PRO,[9.93583500e-01 6.32011378e-03 7.20764262e-07 2.57161537e-06],non
204,A,234,VAL,[9.95144129e-01 4.71893232e-03 1.07578762e-06 3.41936106e-06],non
205,A,235,SER,[9.96330917e-01 3.62224551e-03 1.64745117e-07 2.64534515e-06],non
206,A,236,ALA,[9.95359719e-01 4.60754009e-03 1.13593920e-07 5.90369723e-07],non
207,A,237,LEU,[9.94600058e-01 5.36820805e-03 2.10750571e-07 9.30045360e-07],non
208,A,238,ASP,[9.92700398e-01 7.27349427e-03 7.45395823e-07 1.85829072e-06],non
209,A,239,SER,[9.89972353e-01 1.00047132e-02 1.03321452e-06 5.08716403e-06],non
210,A,240,TYR,[9.88771617e-01 1.12048481e-02 1.23830750e-06 2.43982959e-06],non
211,A,241,PHE,[9.84122753e-01 1.58530548e-02 5.68185158e-07 2.38870666e-06],non
212,A,242,PHE,[9.78026450e-01 2.19479557e-02 1.86661646e-06 3.07202913e-06],non
213,A,243,GLY,[9.44764435e-01 5.51923774e-02 4.85438204e-06 5.99766099e-06],non
214,A,244,SER,[9.21183646e-01 7.87473023e-02 2.45943229e-05 1.18094140e-05],non
215,A,245,MET,[9.25664246e-01 7.42726326e-02 1.30862090e-05 1.04769570e-05],non
216,A,246,GLN,[9.06151056e-01 9.38040689e-02 1.39040158e-05 4.70775376e-06],non
217,A,247,SER,[8.99633944e-01 1.00307591e-01 1.15505964e-05 4.83463873e-06],non
218,A,248,GLY,[9.21310425e-01 7.86028951e-02 2.01117273e-05 9.41920371e-06],non
219,A,249,ARG,[9.10055220e-01 8.98233354e-02 2.57866886e-05 2.19459907e-05],non
220,A,250,ILE,[8.97026718e-01 1.02619082e-01 7.09019951e-05 4.88908227e-05],non
221,A,251,ARG,[9.05107498e-01 9.40059051e-02 1.33947338e-04 5.41208065e-05],non
222,A,252,ILE,[9.32110667e-01 6.72503188e-02 5.69992626e-05 4.67599893e-05],non
223,A,253,ILE,[8.90280008e-01 1.09052233e-01 9.68227250e-05 5.53046266e-05],non
224,A,254,ASN,[8.35529983e-01 1.64199412e-01 8.97930222e-05 2.28275258e-05],non
225,A,255,THR,[8.22580755e-01 1.76860809e-01 1.53305475e-04 3.59457590e-05],non
226,A,256,ALA,[7.75810540e-01 2.23924696e-01 1.35222348e-04 2.32806178e-05],non
227,A,257,GLU,[8.47422063e-01 1.52081609e-01 1.77338079e-04 5.98981132e-05],non
228,A,258,GLY,[8.37440848e-01 1.62125453e-01 1.13529524e-04 7.65810619e-05],non
229,A,259,SER,[8.38965654e-01 1.59284100e-01 5.36008622e-04 2.19177149e-04],non
230,A,260,GLY,[8.64150763e-01 1.33384451e-01 9.56647622e-04 3.52753414e-04],non
231,A,261,VAL,[9.21799958e-01 6.24451861e-02 1.76842406e-03 9.02562635e-04],non
232,A,262,LYS,[0.65497047 0.02011763 0.00629505 0.00299992],non
233,A,263,LEU,[0.07050782 0.00062953 0.00062302 0.00049031],non
